,words,count
0,gas,2648
1,deal,2348
2,meter,2173
3,hpl,2089
4,please,1925
5,corp,1706
6,know,1420
7,ectcc,1351
8,need,1333
9,pmto,1313
10,new,1280
11,forwarded,1263
12,may,1261
13,mmbtu,1182
14,amto,1070
15,get,1058
16,see,1035
17,price,1020
18,daren,995
19,company,968
20,let,930
21,would,924
22,information,888
23,us,886
24,message,882
25,farmer,875
26,day,874
27,time,871
28,xls,866
29,attached,864
30,one,843
31,http,804
32,th,788
33,volume,777
34,mail,770
35,contract,760
36,month,740
37,robert,735
38,sitara,728
39,ectsubject,714
40,pec,709
41,energy,705
42,nom,701
43,texas,690
44,www,687
45,questions,683
46,deals,677
47,volumes,671
48,pm,668
49,ena,656
50,file,629
51,email,620
52,change,612
53,also,607
54,call,602
55,net,596
56,like,587
57,flow,583
58,following,555
59,production,552
60,want,530
61,back,530
62,original,528
63,ticket,505
64,make,494
65,could,492
66,inc,490
67,report,490
68,contact,476
69,list,476
70,days,475
71,march,470
72,sale,464
73,system,464
74,number,463
75,april,455
76,business,453
77,first,451
78,thanks,450
79,help,450
80,nomination,443
81,free,443
82,font,443
83,july,443
84,forward,439
85,per,438
86,order,438
87,use,429
88,fw,429
89,today,427
90,statements,419
91,set,415
92,gary,413
93,go,407
94,line,404
95,sales,396
96,effective,395
97,oil,392
98,well,390
99,daily,388
100,take,386
101,june,380
102,nbsp,377
103,within,376
104,america,367
105,north,365
106,plant,364
107,january,360
108,service,360
109,next,353
110,week,352
111,name,351
112,last,348
113,two,348
114,height,347
115,purchase,345
116,less,342
117,group,340
118,work,336
119,tap,336
120,year,333
121,based,332
122,available,329
123,made,328
124,changes,327
125,agreement,324
126,due,324
127,think,323
128,services,323
129,smith,322
130,transport,319
131,stock,319
132,co,316
133,cotten,314
134,sent,313
135,send,311
136,office,309
137,needs,309
138,management,308
139,money,307
140,looking,307
141,pills,306
142,ami,304
143,tenaska,302
144,george,300
145,look,300
146,online,299
147,chokshi,299
148,actuals,298
149,enroncc,297
150,point,295
151,request,294
152,size,294
153,delivery,293
154,width,292
155,august,292
156,desk,291
157,friday,290
158,product,289
159,pat,285
160,sure,283
161,future,281
162,address,280
163,find,279
164,noms,279
165,october,279
166,give,277
167,mary,273
168,vance,272
169,market,272
170,internet,270
171,melissa,267
172,link,267
173,people,264
174,said,264
175,hsc,264
176,still,261
177,account,261
178,home,261
179,pipeline,261
180,tu,260
181,best,259
182,actual,259
183,high,258
184,team,258
185,end,258
186,products,258
187,many,257
188,houston,257
189,good,255
190,feb,255
191,monday,254
192,process,253
193,lloyd,253
194,spot,253
195,info,253
196,currently,252
197,jackie,252
198,rate,251
199,receive,251
200,december,250
201,click,250
202,lisa,249
203,total,249
204,going,248
205,david,246
206,aol,245
207,resources,244
208,february,244
209,na,244
210,hours,241
211,investment,241
212,issue,240
213,since,238
214,show,238
215,computron,238
216,duke,237
217,eastrans,237
218,graves,236
219,place,236
220,way,236
221,activity,236
222,offer,235
223,global,235
224,utilities,235
225,natural,234
226,prices,234
227,september,233
228,november,232
229,pay,232
230,securities,232
231,susan,231
232,date,231
233,right,231
234,jan,230
235,hplc,230
236,meeting,229
237,julie,228
238,clynes,228
239,iv,228
240,align,227
241,john,226
242,received,225
243,term,225
244,able,224
245,pg,223
246,thursday,221
247,revised,220
248,id,218
249,taylor,217
250,reply,217
251,news,217
252,trading,217
253,additional,216
254,wellhead,216
255,site,215
256,much,214
257,unify,214
258,data,214
259,michael,214
260,lannou,213
261,access,212
262,provide,211
263,every,211
264,tuesday,210
265,tom,210
266,note,209
267,great,209
268,txu,208
269,long,207
270,nd,207
271,save,207
272,section,207
273,done,206
274,million,206
275,keep,206
276,part,206
277,put,205
278,must,205
279,check,204
280,software,204
281,trade,203
282,prior,202
283,steve,202
284,review,202
285,world,201
286,hanks,201
287,created,200
288,via,199
289,support,199
290,customer,198
291,pefs,198
292,special,197
293,continue,197
294,months,197
295,transaction,197
296,fee,197
297,howard,196
298,possible,196
299,meyers,196
300,numbers,196
301,without,195
302,meters,195
303,copy,195
304,thru,195
305,gcs,195
306,cec,195
307,young,194
308,dec,194
309,used,194
310,believe,194
311,buy,193
312,control,193
313,face,192
314,weissman,191
315,demand,191
316,phone,191
317,comcc,191
318,color,190
319,create,190
320,hplo,190
321,come,189
322,brian,189
323,entered,188
324,regarding,188
325,web,187
326,bob,187
327,allocation,187
328,customers,187
329,contracts,186
330,development,186
331,low,185
332,st,184
333,power,184
334,using,183
335,correct,183
336,problem,182
337,soon,181
338,however,181
339,tickets,181
340,border,181
341,rates,181
342,performance,181
343,enronsubject,178
344,hplno,178
345,companies,177
346,supply,177
347,risk,176
348,field,175
349,someone,174
350,international,174
351,details,174
352,lee,174
353,manager,173
354,even,173
355,include,172
356,paid,172
357,act,171
358,needed,170
359,mark,170
360,href,170
361,center,170
362,feel,169
363,type,169
364,aimee,168
365,gathering,168
366,start,168
367,scheduled,166
368,advice,166
369,fuels,166
370,pricing,166
371,fuel,165
372,index,165
373,enronxgate,164
374,increase,163
375,camp,163
376,works,163
377,getting,163
378,three,163
379,security,162
380,sell,162
381,interest,162
382,nominations,161
383,family,161
384,financial,161
385,path,160
386,form,160
387,either,160
388,top,160
389,issues,160
390,anything,160
391,src,160
392,plan,160
393,allen,159
394,another,159
395,wednesday,158
396,current,158
397,buyback,158
398,add,157
399,read,157
400,spreadsheet,157
401,allocated,156
402,working,156
403,xp,156
404,firm,155
405,stocks,154
406,deliveries,153
407,results,153
408,position,153
409,logistics,153
410,james,152
411,party,152
412,zero,152
413,wynne,152
414,pops,151
415,old,151
416,pt,151
417,flowed,151
418,dollars,150
419,got,150
420,gco,150
421,cost,149
422,might,149
423,operations,149
424,yahoo,149
425,marketing,148
426,including,148
427,follow,148
428,error,148
429,katy,148
430,doc,147
431,already,147
432,tx,146
433,tdtd,146
434,past,146
435,scheduling,146
436,fax,145
437,stop,145
438,program,145
439,better,144
440,page,144
441,changed,144
442,update,144
443,move,144
444,equistar,144
445,cotton,143
446,book,142
447,state,141
448,ees,141
449,provided,140
450,operating,140
451,employees,140
452,aep,140
453,hotmail,139
454,entex,138
455,swing,138
456,real,138
457,period,138
458,exchange,138
459,valid,137
460,morning,136
461,lst,135
462,tomorrow,134
463,visit,134
464,rita,133
465,quality,133
466,little,133
467,professional,133
468,around,132
469,brenda,132
470,accounting,131
471,ranch,131
472,person,131
473,confirm,131
474,follows,131
475,case,131
476,called,130
477,teco,130
478,always,130
479,something,130
480,unsubscribe,130
481,storage,130
482,tax,129
483,coastal,129
484,problems,129
485,never,129
486,counterparty,129
487,cd,129
488,windows,129
489,rodriguez,128
490,fact,128
491,acton,128
492,shut,127
493,pipe,127
494,limited,127
495,ray,127
496,parker,127
497,credit,126
498,love,126
499,survey,126
500,im,126
501,carlos,125
502,project,125
503,amount,125
504,charlie,125
505,wish,124
506,years,124
507,full,124
508,ic,124
509,website,124
510,megan,124
511,wanted,123
512,yet,123
513,donald,123
514,anyone,122
515,advise,122
516,lsk,122
517,schumack,121
518,cover,121
519,invoice,121
520,shares,121
521,hope,121
522,cash,121
523,addition,121
524,prescription,120
525,big,120
526,united,119
527,notice,119
528,style,119
529,scott,119
530,everyone,118
531,suite,118
532,left,118
533,clear,118
534,producer,118
535,city,118
536,imbalance,118
537,stone,118
538,hplnl,118
539,shows,117
540,mobil,117
541,handle,116
542,confirmed,116
543,small,116
544,technology,116
545,extend,116
546,sherlyn,115
547,weekend,115
548,life,115
549,requested,115
550,intended,115
551,bill,114
552,lamphier,114
553,katherine,114
554,soft,114
555,release,114
556,newsletter,114
557,anita,113
558,clem,113
559,herod,113
560,papayoti,113
561,offers,113
562,location,113
563,richard,112
564,ever,112
565,meet,112
566,cut,112
567,personal,112
568,schedule,111
569,complete,111
570,beginning,111
571,box,111
572,payment,111
573,feedback,111
574,area,110
575,else,110
576,estimates,110
577,try,110
578,de,110
579,question,110
580,dow,110
581,central,110
582,man,109
583,necessary,109
584,reason,109
585,enter,109
586,midcon,109
587,letter,109
588,president,109
589,listed,109
590,found,109
591,meds,109
592,third,108
593,thomas,108
594,investing,108
595,capital,107
596,run,107
597,several,107
598,things,107
599,cannot,107
600,extended,107
601,weeks,107
602,lauri,106
603,beaumont,106
604,charge,106
605,mailto,106
606,easy,106
607,cialis,106
608,thought,106
609,times,105
610,commercial,105
611,open,105
612,cause,105
613,view,105
614,union,105
615,industry,105
616,states,104
617,side,104
618,second,104
619,remove,104
620,stephanie,104
621,terms,104
622,write,103
623,transfer,103
624,mcf,103
625,added,103
626,important,103
627,koch,103
628,probably,103
629,neal,103
630,action,103
631,exxon,103
632,microsoft,103
633,interested,103
634,application,103
635,ask,103
636,sept,103
637,mid,103
638,mg,103
639,flash,103
640,lp,102
641,east,102
642,requirements,102
643,thank,102
644,mike,102
645,exploration,102
646,everything,101
647,agree,101
648,thu,101
649,basis,101
650,different,101
651,final,101
652,value,101
653,together,101
654,events,101
655,dfarmer,101
656,enserch,101
657,receipt,100
658,monthly,100
659,code,100
660,html,100
661,night,100
662,download,100
663,cynthia,100
664,lsp,100
665,close,99
666,country,99
667,ces,99
668,corporation,99
669,really,99
670,voip,99
671,latest,98
672,potential,98
673,edward,98
674,valero,98
675,tell,98
676,shipping,98
677,material,98
678,stack,98
679,options,98
680,victor,98
681,redeliveries,98
682,loss,97
683,coming,97
684,bank,97
685,response,97
686,etc,97
687,priced,97
688,expected,97
689,removed,97
690,afternoon,97
691,option,97
692,private,97
693,late,97
694,calpine,96
695,legal,96
696,longer,96
697,aware,96
698,drugs,96
699,away,96
700,reinhardt,96
701,public,96
702,hesse,96
703,remember,95
704,nominated,95
705,star,95
706,carthage,95
707,revision,95
708,bgcolor,95
709,kind,95
710,version,95
711,health,95
712,ready,94
713,direct,94
714,included,94
715,regards,94
716,viagra,94
717,systems,94
718,industrial,94
719,completed,94
720,php,94
721,growth,93
722,told,93
723,therefore,93
724,discuss,93
725,related,93
726,sold,93
727,track,93
728,plans,93
729,registered,93
730,asked,93
731,rd,93
732,say,93
733,fill,93
734,duty,93
735,physical,93
736,browser,93
737,begin,92
738,stacey,92
739,reports,92
740,south,92
741,china,92
742,expect,92
743,computer,92
744,return,92
745,approximately,92
746,mentioned,92
747,jones,92
748,jim,91
749,zone,91
750,server,91
751,costs,91
752,eol,91
753,image,91
754,orders,91
755,el,91
756,hard,90
757,updated,90
758,whole,90
759,source,90
760,cs,90
761,talk,90
762,showing,90
763,trying,90
764,strong,90
765,donna,90
766,bryan,89
767,assistance,89
768,risks,89
769,baumbach,89
770,users,89
771,oo,89
772,easttexas,89
773,karen,89
774,luong,88
775,base,88
776,required,88
777,directly,88
778,delivered,88
779,verify,88
780,given,88
781,major,88
782,pro,88
783,unit,88
784,portfolio,88
785,riley,88
786,ali,88
787,poorman,88
788,bellamy,88
789,level,87
790,mm,87
791,nothing,87
792,gif,87
793,retail,87
794,purchases,87
795,valley,87
796,allow,86
797,gpgfin,86
798,answer,86
799,thing,86
800,pathed,86
801,paste,86
802,department,86
803,avila,86
804,ensure,85
805,purchased,85
806,later,85
807,taken,84
808,methanol,84
809,facility,84
810,network,84
811,status,83
812,considered,83
813,says,83
814,paliourg,83
815,dy,83
816,jeff,83
817,user,83
818,businesses,83
819,fred,83
820,transportation,83
821,morris,82
822,federal,82
823,oasis,82
824,reflect,82
825,assets,82
826,lamadrid,82
827,ability,81
828,bridge,81
829,oct,81
830,reference,81
831,items,81
832,brand,81
833,reliantenergy,81
834,statement,81
835,spoke,81
836,play,81
837,enrononline,81
838,spam,81
839,compliance,81
840,availability,81
841,nov,80
842,understanding,80
843,fixed,80
844,short,80
845,cheryl,80
846,general,80
847,aepin,80
848,nguyen,79
849,quick,79
850,effort,79
851,valign,79
852,game,79
853,though,79
854,god,79
855,green,79
856,upon,78
857,taking,78
858,withers,78
859,key,78
860,property,78
861,worldwide,78
862,employee,78
863,capacity,78
864,took,78
865,wants,78
866,bring,78
867,meaning,78
868,albrecht,78
869,expectations,78
870,tabs,78
871,moved,77
872,matter,77
873,cernosek,77
874,king,77
875,chance,77
876,devon,77
877,hub,77
878,calls,77
879,understand,77
880,hall,77
881,lose,77
882,large,77
883,iferc,77
884,melissajones,77
885,enw,77
886,ponton,77
887,eileen,77
888,ship,76
889,care,76
890,others,76
891,enerfin,76
892,jennifer,76
893,records,76
894,looks,76
895,johnson,76
896,lone,76
897,staff,76
898,target,76
899,waha,76
900,immediately,75
901,shall,75
902,making,75
903,cp,75
904,channel,75
905,sat,75
906,points,75
907,went,75
908,travel,75
909,listing,75
910,ofthe,75
911,referenced,75
912,enough,74
913,processing,74
914,impact,74
915,sally,74
916,hear,74
917,solution,74
918,tejas,74
919,transactions,74
920,earl,74
921,stay,74
922,superty,74
923,reserves,74
924,pc,74
925,adobe,74
926,mx,74
927,approved,73
928,training,73
929,starting,73
930,markets,73
931,takes,73
932,distribution,73
933,jpg,73
934,pain,73
935,guys,73
936,publisher,73
937,walker,73
938,moopid,73
939,hotlist,73
940,balance,72
941,vacation,72
942,text,72
943,content,72
944,shell,72
945,print,72
946,password,72
947,half,72
948,includes,72
949,existing,72
950,choose,72
951,fund,72
952,stella,71
953,share,71
954,kevin,71
955,sign,71
956,ltd,71
957,wells,71
958,super,71
959,four,71
960,tisdale,71
961,appreciate,71
962,excess,71
963,non,71
964,experience,71
965,herrera,71
966,paso,71
967,biz,70
968,trtrtd,70
969,sun,70
970,card,70
971,drive,70
972,happy,70
973,fwd,70
974,comsubject,70
975,images,70
976,savings,70
977,land,70
978,occur,70
979,flowing,70
980,mar,70
981,partner,69
982,couple,69
983,terry,69
984,watch,69
985,plus,69
986,weight,69
987,dynegy,69
988,activities,69
989,expense,69
990,become,69
991,sex,69
992,mr,69
993,format,69
994,photoshop,69
995,instructions,69
996,neon,69
997,janet,68
998,early,68
999,ua,68
1000,contains,68
1001,cheap,68
1002,entire,68
1003,friends,68
1004,boas,68
1005,music,68
1006,saturday,68
1007,liz,68
1008,svcs,68
1009,fast,67
1010,held,67
1011,publication,67
1012,differ,67
1013,ago,67
1014,fun,67
1015,attention,67
1016,instant,67
1017,communications,67
1018,investors,67
1019,expedia,67
1020,record,66
1021,assist,66
1022,safe,66
1023,approval,66
1024,allocate,66
1025,black,66
1026,none,66
1027,intrastate,66
1028,al,66
1029,certain,66
1030,hakemack,66
1031,dave,65
1032,five,65
1033,press,65
1034,comments,65
1035,darren,65
1036,missing,65
1037,colspan,65
1038,jill,65
1039,discussion,65
1040,rest,65
1041,relief,65
1042,respect,65
1043,technologies,65
1044,database,65
1045,holmes,65
1046,medical,64
1047,lower,64
1048,active,64
1049,mind,64
1050,pinion,64
1051,settlements,64
1052,men,64
1053,informed,64
1054,leave,64
1055,gomes,64
1056,document,64
1057,doctor,64
1058,eric,64
1059,director,64
1060,projects,64
1061,words,64
1062,limit,64
1063,air,64
1064,cleburne,64
1065,knle,64
1066,pharmacy,63
1067,secure,63
1068,expired,63
1069,opportunity,63
1070,confirmation,63
1071,cc,63
1072,involve,63
1073,notify,63
1074,gtc,63
1075,class,63
1076,pass,63
1077,video,63
1078,room,63
1079,blue,63
1080,confidential,63
1081,billed,63
1082,officer,63
1083,williams,63
1084,reach,63
1085,messages,63
1086,white,63
1087,prc,63
1088,yesterday,62
1089,tracked,62
1090,receiving,62
1091,national,62
1092,hot,62
1093,offering,62
1094,gulf,62
1095,provides,62
1096,iit,62
1097,demokritos,62
1098,mckay,62
1099,wide,62
1100,rc,62
1101,middle,62
1102,select,62
1103,bruce,62
1104,light,61
1105,california,61
1106,event,61
1107,sorry,61
1108,roll,61
1109,william,61
1110,appear,61
1111,perfect,61
1112,canada,61
1113,join,61
1114,specific,61
1115,exactly,61
1116,pick,61
1117,featured,61
1118,cdnow,61
1119,prize,61
1120,reveffo,61
1121,olsen,61
1122,near,60
1123,common,60
1124,package,60
1125,title,60
1126,determine,60
1127,evergreen,60
1128,mops,60
1129,difference,60
1130,elizabeth,60
1131,started,60
1132,la,60
1133,features,60
1134,history,60
1135,files,60
1136,estimated,60
1137,hill,60
1138,advised,60
1139,sources,60
1140,sunday,60
1141,unaccounted,60
1142,paragraph,60
1143,increased,59
1144,expects,59
1145,estimate,59
1146,turn,59
1147,kimberly,59
1148,communication,59
1149,members,59
1150,draft,59
1151,uncertainties,59
1152,reduce,59
1153,committed,59
1154,wi,59
1155,asap,59
1156,ken,59
1157,heard,59
1158,worth,59
1159,representative,59
1160,monitor,59
1161,claim,59
1162,agent,59
1163,greater,59
1164,ceo,59
1165,london,59
1166,discussions,59
1167,trevino,58
1168,whether,58
1169,associated,58
1170,trader,58
1171,southern,58
1172,gift,58
1173,average,58
1174,groups,58
1175,result,58
1176,hour,58
1177,school,58
1178,apache,58
1179,voice,57
1180,resolve,57
1181,efforts,57
1182,recent,57
1183,purchasing,57
1184,county,57
1185,head,57
1186,involved,57
1187,express,57
1188,according,57
1189,situation,57
1190,hold,57
1191,lot,57
1192,interconnect,57
1193,panenergy,57
1194,came,57
1195,role,57
1196,remain,57
1197,opportunities,57
1198,similar,57
1199,readers,57
1200,suggestions,57
1201,subscribers,57
1202,tufco,57
1203,projections,57
1204,normally,56
1205,usage,56
1206,transition,56
1207,lead,56
1208,resolved,56
1209,sec,56
1210,goes,56
1211,generic,56
1212,img,56
1213,responsible,56
1214,west,56
1215,american,56
1216,cass,56
1217,promotions,56
1218,winfree,56
1219,concerns,55
1220,appropriate,55
1221,assignment,55
1222,media,55
1223,believes,55
1224,agreed,55
1225,enjoy,55
1226,waiting,55
1227,outstanding,55
1228,spinnaker,55
1229,model,55
1230,member,55
1231,copano,55
1232,word,55
1233,partners,55
1234,corporate,55
1235,facilities,55
1236,opinion,55
1237,factors,55
1238,beverly,55
1239,ews,55
1240,gdp,55
1241,body,54
1242,previously,54
1243,across,54
1244,selling,54
1245,job,54
1246,profile,54
1247,learn,54
1248,neuweiler,54
1249,bought,54
1250,ok,54
1251,require,54
1252,submit,54
1253,respond,54
1254,dan,54
1255,bad,54
1256,usa,54
1257,local,54
1258,greg,54
1259,register,54
1260,fees,54
1261,parties,54
1262,identified,54
1263,cf,54
1264,strangers,54
1265,delta,54
1266,goliad,54
1267,sa,54
1268,quarter,53
1269,chairman,53
1270,deliver,53
1271,success,53
1272,primary,53
1273,petroleum,53
1274,suggest,53
1275,ei,53
1276,lake,53
1277,pre,53
1278,manage,53
1279,force,53
1280,gain,53
1281,seek,53
1282,recipient,53
1283,house,53
1284,digital,53
1285,placed,53
1286,br,53
1287,apr,53
1288,rolex,53
1289,brazos,53
1290,age,52
1291,course,52
1292,emails,52
1293,ext,52
1294,notes,52
1295,calling,52
1296,medications,52
1297,known,52
1298,ed,52
1299,assigned,52
1300,htmlimg,52
1301,wait,52
1302,various,52
1303,gd,52
1304,along,52
1305,reflects,52
1306,solutions,52
1307,vs,52
1308,owner,52
1309,registration,52
1310,sullivan,52
1311,hesco,52
1312,basin,52
1313,linda,51
1314,car,51
1315,seen,51
1316,discussed,51
1317,properties,51
1318,nominate,51
1319,higher,51
1320,instead,51
1321,store,51
1322,fine,51
1323,means,51
1324,present,51
1325,revenue,51
1326,wholesale,51
1327,red,51
1328,eb,51
1329,range,51
1330,located,51
1331,ex,51
1332,recorded,51
1333,lots,51
1334,ifercls,51
1335,providing,50
1336,match,50
1337,input,50
1338,asking,50
1339,grant,50
1340,investor,50
1341,kelly,50
1342,booked,50
1343,paths,50
1344,girls,50
1345,apply,50
1346,pipes,50
1347,est,50
1348,rnd,50
1349,analysis,50
1350,advantage,50
1351,focus,50
1352,women,50
1353,far,50
1354,origination,50
1355,connection,50
1356,kcs,50
1357,wilson,50
1358,golf,50
1359,item,50
1360,bankruptcy,50
1361,expenses,50
1362,pgev,50
1363,encina,50
1364,beaty,50
1365,least,49
1366,door,49
1367,thousand,49
1368,worked,49
1369,hanson,49
1370,penis,49
1371,friend,49
1372,research,49
1373,outage,49
1374,multiple,49
1375,bit,49
1376,dth,49
1377,draw,49
1378,behalf,49
1379,planning,49
1380,summary,49
1381,herein,49
1382,gisb,49
1383,coupon,49
1384,oi,49
1385,appears,48
1386,arrangements,48
1387,huge,48
1388,texaco,48
1389,csikos,48
1390,cpr,48
1391,expires,48
1392,ones,48
1393,sending,48
1394,conversation,48
1395,discount,48
1396,gb,48
1397,handling,48
1398,board,48
1399,martin,48
1400,ca,48
1401,names,48
1402,applications,48
1403,tried,48
1404,mailing,48
1405,talked,48
1406,reporting,48
1407,chris,48
1408,normal,48
1409,preliminary,48
1410,announced,48
1411,resume,48
1412,attachment,48
1413,buyer,48
1414,prod,48
1415,objectives,48
1416,represent,48
1417,button,48
1418,brown,48
1419,hplnol,48
1420,government,47
1421,committee,47
1422,initial,47
1423,mills,47
1424,running,47
1425,tetco,47
1426,popular,47
1427,conditions,47
1428,jo,47
1429,invoices,47
1430,inthe,47
1431,happen,47
1432,live,47
1433,positions,47
1434,decided,47
1435,recently,47
1436,acquisition,47
1437,xanax,47
1438,valium,47
1439,broadband,47
1440,individual,47
1441,station,47
1442,td,47
1443,financing,47
1444,somehow,47
1445,pena,47
1446,memo,46
1447,critical,46
1448,attend,46
1449,inform,46
1450,highly,46
1451,minutes,46
1452,hl,46
1453,affiliate,46
1454,wife,46
1455,charlotte,46
1456,quickly,46
1457,mobile,46
1458,earlier,46
1459,building,46
1460,internal,46
1461,ideas,46
1462,met,46
1463,gotten,46
1464,benefit,46
1465,floor,46
1466,ms,46
1467,percent,46
1468,maintenance,46
1469,dr,46
1470,ebs,46
1471,msn,46
1472,dallas,46
1473,rx,46
1474,spring,46
1475,ftar,46
1476,ooking,46
1477,hawkins,45
1478,kristen,45
1479,selected,45
1480,baxter,45
1481,single,45
1482,guarantee,45
1483,nominates,45
1484,updates,45
1485,minute,45
1486,paper,45
1487,test,45
1488,unique,45
1489,mccoy,45
1490,accept,45
1491,forthe,45
1492,senior,45
1493,assumptions,45
1494,centana,45
1495,maybe,45
1496,gave,45
1497,onthe,45
1498,kinsey,45
1499,immediate,45
1500,category,45
1501,goals,45
1502,mitchell,45
1503,acceptance,45
1504,termination,45
1505,sweeney,45
1506,facts,45
1507,amazon,45
1508,hi,44
1509,arrangement,44
1510,funds,44
1511,josey,44
1512,exclusive,44
1513,accuracy,44
1514,shop,44
1515,phillips,44
1516,egmnom,44
1517,indicate,44
1518,kim,44
1519,correctly,44
1520,adjustment,44
1521,bid,44
1522,accounts,44
1523,agency,44
1524,privacy,44
1525,paying,44
1526,lowest,44
1527,gold,44
1528,remaining,44
1529,talking,44
1530,simply,44
1531,cds,44
1532,europe,44
1533,enterprise,44
1534,lindley,44
1535,understood,44
1536,comfor,44
1537,logos,44
1538,san,43
1539,notified,43
1540,among,43
1541,actually,43
1542,mean,43
1543,vols,43
1544,titles,43
1545,additionally,43
1546,shipped,43
1547,connor,43
1548,fontfont,43
1549,jfarmer,43
1550,extra,43
1551,rights,43
1552,holding,43
1553,stated,43
1554,comes,43
1555,fri,43
1556,dollar,43
1557,jr,43
1558,almost,43
1559,paul,43
1560,analyst,43
1561,gr,43
1562,purposes,43
1563,crude,43
1564,entry,43
1565,pill,43
1566,cap,43
1567,road,43
1568,sap,43
1569,shopping,43
1570,clearance,43
1571,lost,43
1572,schneider,43
1573,father,43
1574,ftworth,43
1575,anticipated,43
1576,resellers,43
1577,congress,43
1578,counterparties,43
1579,corporationalbrecht,43
1580,wellmeter,43
1581,cornhusker,43
1582,epgt,43
1583,buying,42
1584,invest,42
1585,speed,42
1586,cartwheel,42
1587,brandywine,42
1588,serve,42
1589,mtbe,42
1590,rather,42
1591,split,42
1592,hull,42
1593,gra,42
1594,children,42
1595,leader,42
1596,true,42
1597,mb,42
1598,mtr,42
1599,heidi,42
1600,clean,42
1601,enronls,42
1602,billion,42
1603,historical,42
1604,pipelines,42
1605,foreign,42
1606,documents,42
1607,entity,42
1608,developed,42
1609,jeffrey,42
1610,transmission,42
1611,load,42
1612,membership,42
1613,invitation,42
1614,rm,42
1615,zonewww,42
1616,legislation,42
1617,hernandez,42
1618,pep,42
1619,wallis,41
1620,rev,41
1621,kenneth,41
1622,seaman,41
1623,annual,41
1624,jackson,41
1625,wrong,41
1626,guess,41
1627,submitted,41
1628,bammel,41
1629,lines,41
1630,zivley,41
1631,kept,41
1632,example,41
1633,pathing,41
1634,revisions,41
1635,equity,41
1636,wed,41
1637,dealers,41
1638,window,41
1639,aug,41
1640,claims,41
1641,juno,41
1642,standard,41
1643,alternative,41
1644,outside,41
1645,merchant,41
1646,comprices,41
1647,alt,41
1648,customerservice,41
1649,topica,41
1650,telephone,40
1651,reliant,40
1652,payments,40
1653,speculative,40
1654,yes,40
1655,morgan,40
1656,cable,40
1657,edmondson,40
1658,thefollowing,40
1659,baseload,40
1660,participate,40
1661,usb,40
1662,throughout,40
1663,exception,40
1664,checked,40
1665,fat,40
1666,contents,40
1667,investments,40
1668,six,40
1669,budget,40
1670,build,40
1671,giving,40
1672,calendar,40
1673,inherent,40
1674,darial,40
1675,hr,40
1676,trip,40
1677,concern,40
1678,proposed,40
1679,enquiries,40
1680,comcompaqhewlett,40
1681,anycomplaints,40
1682,iiipassed,40
1683,matt,40
1684,deer,40
1685,tammy,40
1686,profit,39
1687,reduction,39
1688,gets,39
1689,en,39
1690,tailgate,39
1691,cowboy,39
1692,sea,39
1693,tothe,39
1694,launch,39
1695,avoid,39
1696,chief,39
1697,stephen,39
1698,chad,39
1699,strategy,39
1700,executive,39
1701,warning,39
1702,conflict,39
1703,resulting,39
1704,policy,39
1705,bottom,39
1706,ga,39
1707,commission,39
1708,positive,39
1709,quantity,39
1710,programs,39
1711,airmail,39
1712,austin,39
1713,changeusa,39
1714,contactinformation,39
1715,ocean,39
1716,intent,39
1717,dailyls,39
1718,uae,39
1719,jaquet,39
1720,hol,39
1721,heart,38
1722,harris,38
1723,weather,38
1724,hplr,38
1725,front,38
1726,advance,38
1727,evening,38
1728,terminated,38
1729,effect,38
1730,sheet,38
1731,venturatos,38
1732,alert,38
1733,lonestar,38
1734,cellpadding,38
1735,guadalupe,38
1736,hotel,38
1737,leading,38
1738,guaranteed,38
1739,operational,38
1740,prepare,38
1741,schedulers,38
1742,announce,38
1743,pleased,38
1744,award,38
1745,games,38
1746,minimum,38
1747,child,38
1748,changing,38
1749,built,38
1750,sum,38
1751,quote,38
1752,thousands,38
1753,issued,38
1754,cross,38
1755,edition,38
1756,pertaining,38
1757,tess,38
1758,texoma,38
1759,louisiana,38
1760,oursales,38
1761,crow,38
1762,comtel,38
1763,andtrademarks,38
1764,availabilities,38
1765,griffin,38
1766,plaintext,38
1767,christy,38
1768,eel,38
1769,itoy,38
1770,licensed,37
1771,overnight,37
1772,min,37
1773,concerning,37
1774,cal,37
1775,otherwise,37
1776,luck,37
1777,stretch,37
1778,generation,37
1779,broker,37
1780,construed,37
1781,traders,37
1782,carry,37
1783,column,37
1784,approx,37
1785,main,37
1786,patclynes,37
1787,idea,37
1788,dvd,37
1789,step,37
1790,gottlob,37
1791,looked,37
1792,individuals,37
1793,revenues,37
1794,asset,37
1795,beck,37
1796,stuff,37
1797,welcome,37
1798,port,37
1799,glover,37
1800,description,37
1801,finally,37
1802,daniel,37
1803,quantities,37
1804,park,37
1805,seller,37
1806,summer,37
1807,stand,37
1808,eff,37
1809,moving,37
1810,dudley,37
1811,prepared,37
1812,robin,37
1813,dealerand,37
1814,orfor,37
1815,youin,37
1816,finance,37
1817,zonedubai,37
1818,emirates,37
1819,aeor,37
1820,clickathome,37
1821,materia,37
1822,sexual,36
1823,island,36
1824,vaughn,36
1825,eiben,36
1826,forms,36
1827,except,36
1828,delete,36
1829,realize,36
1830,behind,36
1831,villarreal,36
1832,lon,36
1833,benoit,36
1834,simple,36
1835,charges,36
1836,tech,36
1837,double,36
1838,miss,36
1839,ahead,36
1840,ordering,36
1841,se,36
1842,law,36
1843,manual,36
1844,outlook,36
1845,equipment,36
1846,leslie,36
1847,reeves,36
1848,org,36
1849,tools,36
1850,detail,36
1851,cold,36
1852,tina,36
1853,pull,36
1854,dates,36
1855,adjustments,36
1856,contained,36
1857,owe,36
1858,deciding,36
1859,charles,36
1860,sendyour,36
1861,offersin,36
1862,patti,36
1863,listbot,36
1864,pictures,35
1865,river,35
1866,successful,35
1867,kathryn,35
1868,holiday,35
1869,advisor,35
1870,pool,35
1871,bryce,35
1872,screen,35
1873,otc,35
1874,brent,35
1875,auto,35
1876,region,35
1877,foot,35
1878,links,35
1879,mo,35
1880,contain,35
1881,adjusted,35
1882,yvette,35
1883,post,35
1884,dial,35
1885,pressure,35
1886,detailed,35
1887,indicated,35
1888,sites,35
1889,female,35
1890,makes,35
1891,mcmills,35
1892,cook,35
1893,saw,35
1894,edit,35
1895,ferc,35
1896,forexport,35
1897,meredith,35
1898,crosstex,35
1899,particular,34
1900,allocations,34
1901,meetings,34
1902,unable,34
1903,search,34
1904,designed,34
1905,adjust,34
1906,measurement,34
1907,art,34
1908,corrected,34
1909,kids,34
1910,benefits,34
1911,seems,34
1912,tv,34
1913,husband,34
1914,grow,34
1915,decision,34
1916,wireless,34
1917,interview,34
1918,conference,34
1919,levels,34
1920,shown,34
1921,cindy,34
1922,payroll,34
1923,consumers,34
1924,managing,34
1925,town,34
1926,reliable,34
1927,coast,34
1928,ifyou,34
1929,vicodin,33
1930,environment,33
1931,intend,33
1932,usd,33
1933,areas,33
1934,drug,33
1935,liquids,33
1936,significant,33
1937,pager,33
1938,mailings,33
1939,avails,33
1940,spencer,33
1941,rock,33
1942,charset,33
1943,verdana,33
1944,flynn,33
1945,fully,33
1946,da,33
1947,personnel,33
1948,multi,33
1949,davis,33
1950,fix,33
1951,closed,33
1952,vice,33
1953,administration,33
1954,knowledge,33
1955,urgent,33
1956,gmt,33
1957,regular,33
1958,midstream,33
1959,eye,33
1960,speckels,33
1961,cilco,33
1962,managers,33
1963,tr,33
1964,indicating,33
1965,parent,33
1966,preparation,33
1967,pi,33
1968,tri,33
1969,mmbtus,33
1970,timing,33
1971,happening,33
1972,lottery,33
1973,atleast,33
1974,killing,33
1975,acquire,33
1976,mack,33
1977,thismail,33
1978,citibank,33
1979,pcx,33
1980,fares,33
1981,internationa,33
1982,notification,32
1983,identify,32
1984,separate,32
1985,unless,32
1986,producers,32
1987,allows,32
1988,pretty,32
1989,waste,32
1990,outages,32
1991,ce,32
1992,joanie,32
1993,pp,32
1994,drop,32
1995,premium,32
1996,addressed,32
1997,dolphin,32
1998,teams,32
1999,choice,32
